timestamp,student_id,level,task_type,task_num,original_text,gpt_grammar_feedback,full_feedback
2025-05-22 15:35:07.945504,marya1,B1,Opinion Essay,,"Leibe Forum-Mitglieder,
    Heutzutage ist das Arbeiten im Homeoffice Thema ein wichtiges Thema in unserem Leben. Ich bin der Meinung, dass das Arbeiten im Homeoffice erleichtert weil Medien die Arbeit schneller und bequemer machen.
   Einerseits gibt es viele Vorteile. Zum Beispiel machen Medien die Arbeit einfacher. Medien wie E-Mail hilft bei der Kommunikation. 
Andererseits gibt es auch Nachteile. Ein Beispiel ist Entscheidungsverzögerung. Manchmal, Entscheidung könnte Verzögert wurden. 
   Ich glaube, dass Medien eine große Rolle im Homeoffice arbeiten spielen.
   Zusammenfassend lässt sich sagen , dass das Arbeiten im Homeoffice einen positiven Einfluss haben kann. Ich hoffe, dass meine Meinung des Themas zu verstehen, hilft.
Mit freundlichen Grüßen 
Cherub Dadson.","- Leibe ⇒ Liebe — Typo: ""Leibe"" should be ""Liebe""
- Thema ein wichtiges Thema ⇒ Thema ist ein wichtiges Thema — Redundant use of ""Thema""
- erleichtert weil ⇒ erleichtert, weil — Missing comma after ""erleichtert""
- Medien die Arbeit schneller und bequemer machen ⇒ Medien die Arbeit schneller und bequemer machen, — Missing comma after ""machen""
- Zum Beispiel machen ⇒ Zum Beispiel machen, — Missing comma after ""machen""
- E-Mail hilft bei der Kommunikation ⇒ E-Mail hilft bei der Kommunikation. — Missing period at the end of the sentence
- Entscheidungsverzögerung ⇒ Entscheidungsverzögerung — Correct
- Verzögert wurden ⇒ verzögert wurden — Capitalization error: ""Verzögert"" should be lowercase
- spielen ⇒ spielen — Correct
- Zusammenfassend lässt sich sagen ⇒ Zusammenfassend lässt sich sagen, — Missing comma after ""sagen""
- haben kann ⇒ haben kann. — Missing period at the end of the sentence
- zu verstehen, hilft ⇒ zu verstehen. Hilft — Missing period after ""verstehen"" and capitalize ""Hilft""","Your Feedback – Opinion Essay (B1)
Task: 
Scores:
- Content: 10/10
- Grammar: 1/5
- Vocabulary: 3/5
- Structure: 5/5
Total: 19/25

Grammar Suggestions:
- Leibe ⇒ Liebe — Typo: ""Leibe"" should be ""Liebe""
- Thema ein wichtiges Thema ⇒ Thema ist ein wichtiges Thema — Redundant use of ""Thema""
- erleichtert weil ⇒ erleichtert, weil — Missing comma after ""erleichtert""
- Medien die Arbeit schneller und bequemer machen ⇒ Medien die Arbeit schneller und bequemer machen, — Missing comma after ""machen""
- Zum Beispiel machen ⇒ Zum Beispiel machen, — Missing comma after ""machen""
- E-Mail hilft bei der Kommunikation ⇒ E-Mail hilft bei der Kommunikation. — Missing period at the end of the sentence
- Entscheidungsverzögerung ⇒ Entscheidungsverzögerung — Correct
- Verzögert wurden ⇒ verzögert wurden — Capitalization error: ""Verzögert"" should be lowercase
- spielen ⇒ spielen — Correct
- Zusammenfassend lässt sich sagen ⇒ Zusammenfassend lässt sich sagen, — Missing comma after ""sagen""
- haben kann ⇒ haben kann. — Missing period at the end of the sentence
- zu verstehen, hilft ⇒ zu verstehen. Hilft — Missing period after ""verstehen"" and capitalize ""Hilft""

Advanced Vocabulary:
None

Connectors Used:
andererseits, einerseits, zusammenfassend

Your Text:
Leibe Forum-Mitglieder,
    Heutzutage ist das Arbeiten im Homeoffice Thema ein wichtiges Thema in unserem Leben. Ich bin der Meinung, dass das Arbeiten im Homeoffice erleichtert weil Medien die Arbeit schneller und bequemer machen.
   Einerseits gibt es viele Vorteile. Zum Beispiel machen Medien die Arbeit einfacher. Medien wie E-Mail hilft bei der Kommunikation. 
Andererseits gibt es auch Nachteile. Ein Beispiel ist Entscheidungsverzögerung. Manchmal, Entscheidung könnte Verzögert wurden. 
   Ich glaube, dass Medien eine große Rolle im Homeoffice arbeiten spielen.
   Zusammenfassend lässt sich sagen , dass das Arbeiten im Homeoffice einen positiven Einfluss haben kann. Ich hoffe, dass meine Meinung des Themas zu verstehen, hilft.
Mit freundlichen Grüßen 
Cherub Dadson.
"
2025-05-22 15:39:50.552514,marya1,B1,Formal Letter,,"Sehr geehrter Herr chef,
   Ich hoffe, es geht Ihnen gut. Ich schreibe Ihnen, weil ich nicht an das Weiterbildungsprogramm teilnehmen kann.
Ich möchte mich entschuldigen da meine Frau kürzlich ein Kind geboren hat und ich sie unterstützen muss.
Ich kann deshalb nicht an dem Programm teilnehmen. Ich wäre dankbar wenn sie mich für drei Monate von dem Programm entschuldigen könnten. Danke für Ihr Verständnis.
Ich freue mich auf Ihre Antwort.
Mit freundlichen Grüßen,
Cherub Dadson.","Herr chef ⇒ Herr Chef — Capitalize ""Chef"" as it is a title.
da ⇒ weil — Use ""weil"" instead of ""da"" for ""because"".
kürzlich ⇒ vor Kurzem — ""vor Kurzem"" is a more common way to say ""recently"".
deshalb ⇒ daher — Use ""daher"" instead of ""deshalb"" for ""therefore"".
sie ⇒ mich — Change ""sie"" to ""mich"" for correct pronoun usage.
Cherub Dadson ⇒ Cherub Dadson. — No error.","Your Feedback – Formal Letter (B1)
Task: 
Scores:
- Content: 10/10
- Grammar: 1/5
- Vocabulary: 3/5
- Structure: 5/5
Total: 19/25

Grammar Suggestions:
Herr chef ⇒ Herr Chef — Capitalize ""Chef"" as it is a title.
da ⇒ weil — Use ""weil"" instead of ""da"" for ""because"".
kürzlich ⇒ vor Kurzem — ""vor Kurzem"" is a more common way to say ""recently"".
deshalb ⇒ daher — Use ""daher"" instead of ""deshalb"" for ""therefore"".
sie ⇒ mich — Change ""sie"" to ""mich"" for correct pronoun usage.
Cherub Dadson ⇒ Cherub Dadson. — No error.

Advanced Vocabulary:
None

Connectors Used:
deshalb

Your Text:
Sehr geehrter Herr chef,
   Ich hoffe, es geht Ihnen gut. Ich schreibe Ihnen, weil ich nicht an das Weiterbildungsprogramm teilnehmen kann.
Ich möchte mich entschuldigen da meine Frau kürzlich ein Kind geboren hat und ich sie unterstützen muss.
Ich kann deshalb nicht an dem Programm teilnehmen. Ich wäre dankbar wenn sie mich für drei Monate von dem Programm entschuldigen könnten. Danke für Ihr Verständnis.
Ich freue mich auf Ihre Antwort.
Mit freundlichen Grüßen,
Cherub Dadson.
"
